Customer Id,First Name,Last Name,Email_address,DOJ
DD37Cf93aecA6Dc,Sheryl,Baxter,zuniga_vanessa@smith.info,08/06/1996
1Ef7b82A4CAAD10,Preston,Lozano,vmata_test@colon.com,08/06/1997
6F94879bDAfE5a6,Roy,Berry,beckycarr@hogan.com,08/06/1998
5Cef8BFA16c5e3c,Linda,Olsen,stanleyblackwell@benson.org,08/06/1999
053d585Ab6b3159,Joanna,Bender,colinalvarado@miles.net,08/06/2000
2d08FB17EE273F4,Aimee,Downs,louis27@gilbert.com,08/06/2001
EA4d384DfDbBf77,Darren,Peck,tgates@cantrell.com,08/06/2002
0e04AFde9f225dE,Brett,Mullen,asnow@colon.com,08/06/2003
C2dE4dEEc489ae0,Sheryl,Meyers,mariokhan@ryan-pope.org,08/06/2004
8C2811a503C7c5a,Michelle,Gallagher,mdyer@escobar.net,08/06/2005
216E205d6eBb815,Carl,Schroeder,kirksalas@webb.com,08/06/2006
CEDec94deE6d69B,Jenna,Dodson,mark_42@robbins.com,08/06/2007
e35426EbDEceaFF,Tracey,Mata,alex56@walls.org,08/06/2008
A08A8aF8BE9FaD4,Kristine,Cox,holdenmiranda@clarke.com,08/06/2009
6fEaA1b7cab7B6C,Faith,Lutz,cassieparrish@blevins-chapman.net,08/06/2010
8cad0b4CBceaeec,Miranda,Beasley,vduncan@parks-hardy.com,08/06/2011
a5DC21AE3a21eaA,Caroline,Foley,holtgwendolyn@watson-davenport.com,08/06/2012
F8Aa9d6DfcBeeF8,Greg,Mata,jaredjuarez@carroll.org,08/06/2013
F160f5Db3EfE973,Clifford,Jacobson,joseph26@jacobson.com,08/06/2014
0F60FF3DdCd7aB0,Joanna,Kirk,tuckerangie@salazar.net,08/06/2015
9F9AdB7B8A6f7F2,Maxwell,Frye,fgibson@drake-webb.com,08/06/2016
FBd0Ded4F02a742,Kiara,Houston,blanchardbob@wallace-shannon.com,08/06/2017
2FB0FAA1d429421,Colleen,Howard,rsingleton@ryan-cherry.com,08/06/2018
010468dAA11382c,Janet,Valenzuela,stefanie71@spence.com,08/06/2019
eC1927Ca84E033e,Shane,Wilcox,mariah88@santos.com,08/06/2020
09D7D7C8Fe09aea,Marcus,Moody,donnamullins@norris-barrett.org,08/06/2021
aBdfcF2c50b0bfD,Dakota,Poole,stacey67@fields.org,08/06/2022
b92EBfdF8a3f0E6,Frederick,Harper,jacobkhan@bright.biz,08/06/2023
3B5dAAFA41AFa22,Stefanie,Fitzpatrick,wterrell@clark.com,08/06/2024
EDA69ca7a6e96a2,Kent,Bradshaw,qjimenez@boyd.com,08/06/2025
64DCcDFaB9DFd4e,Jack,Tate,gfigueroa@boone-zavala.com,08/06/2026
679c6c83DD872d6,Tom,Trujillo,tapiagreg@beard.info,08/06/2027
7Ce381e4Afa4ba9,Gabriel,Mejia,coleolson@jennings.net,08/06/2028
A09AEc6E3bF70eE,Kaitlyn,Santana,georgeross@miles.org,08/06/2029
aA9BAFfBc3710fe,Faith,Moon,willistonya@randolph-baker.com,08/06/2030
E11dfb2DB8C9f72,Tammie,Haley,harrisisaiah@jenkins.com,08/06/2031
889eCf90f68c5Da,Nicholas,Sosa,fwolfe@dorsey.com,08/06/2032
7a1Ee69F4fF4B4D,Jordan,Gay,tiffanydavies@harris-mcfarland.org,08/06/2033
dca4f1D0A0fc5c9,Bruce,Esparza,preese@frye-vega.com,08/06/2034
17aD8e2dB3df03D,Sherry,Garza,ann48@miller.com,08/06/2035
2f79Cd309624Abb,Natalie,Gentry,tcummings@fitzpatrick-ashley.com,08/06/2036
6e5ad5a5e2bB5Ca,Bryan,Dunn,woodwardandres@phelps.com,08/06/2037
7E441b6B228DBcA,Wayne,Simpson,barbarapittman@holder.com,08/06/2038
D3fC11A9C235Dc6,Luis,Greer,bstuart@williamson-mcclure.com,08/06/2039
30Dfa48fe5Ede78,Rhonda,Frost,zkrueger@wolf-chavez.net,08/06/2040
fD780ED8dbEae7B,Joanne,Montes,juan80@henson.net,08/06/2041
300A40d3ce24bBA,Geoffrey,Guzman,bauercrystal@gay.com,08/06/2042
283DFCD0Dba40aF,Gloria,Mccall,bartlettjenna@zuniga-moss.biz,08/06/2043
F4Fc91fEAEad286,Brady,Cohen,mccalltyrone@durham-rose.biz,08/06/2044
80F33Fd2AcebF05,Latoya,Mccann,bobhammond@barry.biz,08/06/2045
Aa20BDe68eAb0e9,Gerald,Hawkins,uwarner@steele-arias.com,08/06/2046
e898eEB1B9FE22b,Samuel,Crawford,xpittman@ritter-carney.net,08/06/2047
faCEF517ae7D8eB,Patricia,Goodwin,vaughanchristy@lara.biz,08/06/2048
c09952De6Cda8aA,Stacie,Richard,clinton85@colon-arias.org,08/06/2049
f3BEf3Be028166f,Robin,West,greenemiranda@zimmerman.com,08/06/2050
C6F2Fc6a7948a4e,Ralph,Haas,goodmancesar@figueroa.biz,08/06/2051
c8FE57cBBdCDcb2,Phyllis,Maldonado,yhanson@warner-diaz.org,08/06/2052
B5acdFC982124F2,Danny,Parrish,howelldarren@house-cohen.com,08/06/2053
8c7DdF10798bCC3,Kathy,Hill,ncamacho@boone-simmons.org,08/06/2054
C681dDd0cc422f7,Kelli,Hardy,kristopher62@oliver.com,08/06/2055
a940cE42e035F28,Lynn,Pham,mpham@rios-guzman.com,08/06/2056
9Cf5E6AFE0aeBfd,Shelley,Harris,zachary96@mitchell-bryant.org,08/06/2057
aEcbe5365BbC67D,Eddie,Jimenez,kristiwhitney@bernard.com,08/06/2058
FCBdfCEAe20A8Dc,Chloe,Hutchinson,leah85@sutton-terrell.com,08/06/2059
636cBF0835E10ff,Eileen,Lynch,levigiles@vincent.com,08/06/2060
fF1b6c9E8Fbf1ff,Fernando,Lambert,fisherlinda@schaefer.net,08/06/2061
2A13F74EAa7DA6c,Makayla,Cannon,scottcurtis@hurley.biz,08/06/2062
a014Ec1b9FccC1E,Tom,Alvarado,nicholsonnina@montgomery.info,08/06/2063
421a109cABDf5fa,Virginia,Dudley,zvalencia@phelps.com,08/06/2064
CC68FD1D3Bbbf22,Riley,Good,alex06@galloway.com,08/06/2065
CBCd2Ac8E3eBDF9,Alexandria,Buck,lee48@manning.com,08/06/2066
Ef859092FbEcC07,Richard,Roth,aharper@maddox-townsend.org,08/06/2067
F560f2d3cDFb618,Candice,Keller,buckleycory@odonnell.net,08/06/2068
A3F76Be153Df4a3,Anita,Benson,angie04@oconnell.com,08/06/2069
D01Af0AF7cBbFeA,Regina,Stein,zrosario@rojas-hardin.net,08/06/2070
d40e89dCade7b2F,Debra,Riddle,shieldskerry@robles.com,08/06/2071
BF6a1f9bd1bf8DE,Brittany,Zuniga,mchandler@cochran-huerta.org,08/06/2072
FfaeFFbbbf280db,Cassidy,Mcmahon,katrinalane@fitzgerald.com,08/06/2073
CbAE1d1e9a8dCb1,Laurie,Pennington,cookejill@powell.com,08/06/2074
A7F85c1DE4dB87f,Alejandro,Blair,elizabethbarr@ewing.com,08/06/2075
D6CEAfb3BDbaa1A,Leslie,Jennings,corey75@wiggins.com,08/06/2076
Ebdb6F6F7c90b69,Kathleen,Mckay,chloelester@higgins-wilkinson.com,08/06/2077
E8E7e8Cfe516ef0,Hunter,Moreno,isaac26@benton-finley.com,08/06/2078
78C06E9b6B3DF20,Chad,Davidson,justinwalters@jimenez.com,08/06/2079
03A1E62ADdeb31c,Corey,Holt,maurice46@morgan.com,08/06/2080
C6763c99d0bd16D,Emma,Cunningham,walter83@juarez.org,08/06/2081
ebe77E5Bf9476CE,Duane,Woods,kmercer@wagner.com,08/06/2082
E4Bbcd8AD81fC5f,Alison,Vargas,vcantu@norton.com,08/06/2083
efeb73245CDf1fF,Vernon,Kane,hilljesse@barrett.info,08/06/2084
37Ec4B395641c1E,Lori,Flowers,tyrone77@valenzuela.info,08/06/2085
5ef6d3eefdD43bE,Nina,Chavez,elliserica@frank.com,08/06/2086
98b3aeDcC3B9FF3,Shane,Foley,nsteele@sparks.com,08/06/2087
aAb6AFc7AfD0fF3,Collin,Ayers,dudleyemily@gonzales.biz,08/06/2088
54B5B5Fe9F1B6C5,Sherry,Young,alan79@gates-mclaughlin.com,08/06/2089
BE91A0bdcA49Bbc,Darrell,Douglas,grayjean@lowery-good.com,08/06/2090
cb8E23e48d22Eae,Karl,Greer,hhart@jensen.com,08/06/2091
CeD220bdAaCfaDf,Lynn,Atkinson,vkemp@ferrell.com,08/06/2092
28CDbC0dFe4b1Db,Fred,Guerra,swagner@kane.org,08/06/2093
c23d1D9EE8DEB0A,Yvonne,Farmer,mccarthystephen@horn-green.biz,08/06/2094
2354a0E336A91A1,Clarence,Haynes,colleen91@faulkner.biz,08/06/2095
